{
  "Burger Patty": -895.0,
  "Lettuce": -127.5,
  "Spaghetti": -17.112500000000004,
  "Pepsi": 97.0,
  "Pork Ribs": -15.0,
  "Chicken Breast": 12.0,
  "Burger Bun": -430.0,
  "Cheddar Cheese": -82.75,
  "Mayo": -85.5625,
  "Tomato Sauce": -2.3999999999999995,
  "Meatballs": -4.3500000000000005,
  "Potatoes": 38.20000000000002,
  "Ketchup": -65.0625,
  "Mustard": -67.0,
  "Sliced Onion": -82.0,
  "1Min": 60.0,
  "2Min": 65.0,
  "3Min": 342.0,
  "4Min": 43.0,
  "5Min": 432.0
}