{
  "Burger Patty": -891.0,
  "Lettuce": -126.875,
  "Spaghetti": -16.300000000000004,
  "Pepsi": 97.0,
  "Pork Ribs": -13.0,
  "Chicken Breast": 12.0,
  "Burger Bun": -428.0,
  "Cheddar Cheese": -82.375,
  "Mayo": -85.1875,
  "Tomato Sauce": -1.8999999999999995,
  "Meatballs": -3.6000000000000005,
  "Potatoes": 38.20000000000002,
  "Ketchup": 22.6875,
  "Mustard": 20.0,
  "Sliced Onion": 5.700000000000001
}