{
  "Burger Patty": -847.0,
  "Lettuce": -120.0,
  "Spaghetti": -9.800000000000004,
  "Pepsi": 97.0,
  "Pork Ribs": -15.0,
  "Chicken Breast": 12.0,
  "Burger Bun": -406.0,
  "Cheddar Cheese": -78.25,
  "Mayo": -81.0625,
  "Tomato Sauce": 2.1000000000000005,
  "Meatballs": 2.3999999999999995,
  "Potatoes": 38.20000000000002,
  "Ketchup": -60.5625,
  "Mustard": -62.5,
  "Sliced Onion": -77.5,
  "1Min": 60.0,
  "2Min": 65.0,
  "3Min": 342.0,
  "4Min": 43.0,
  "5Min": 432.0
}