{
  "Burger Patty": 40.0,
  "Lettuce": 19.25,
  "Spaghetti": 3.7999999999999994,
  "Pepsi": 97.0,
  "Pork Ribs": 6.0,
  "Chicken Breast": 12.0,
  "Burger Bun": 34.0,
  "Cheddar Cheese": 4.25,
  "Mayo": 1.4375,
  "Tomato Sauce": 2.1000000000000005,
  "Meatballs": 2.3999999999999995,
  "Potatoes": 38.20000000000002,
  "Ketchup": 29.8125,
  "Mustard": 20.0,
  "Sliced Onion": 5.700000000000001
}