{
  "Burger Patty": -891.0,
  "Lettuce": -126.875,
  "Spaghetti": -17.112500000000004,
  "Pepsi": 97.0,
  "Pork Ribs": -15.0,
  "Chicken Breast": 12.0,
  "Burger Bun": -428.0,
  "Cheddar Cheese": -82.375,
  "Mayo": -85.1875,
  "Tomato Sauce": -2.3999999999999995,
  "Meatballs": -4.3500000000000005,
  "Potatoes": 38.20000000000002,
  "Ketchup": -64.6875,
  "Mustard": -66.625,
  "Sliced Onion": -81.625,
  "1Min": 60.0,
  "2Min": 65.0,
  "3Min": 342.0,
  "4Min": 43.0,
  "5Min": 432.0
}