{
  "Burger Patty": -879.0,
  "Lettuce": -125.0,
  "Spaghetti": -13.050000000000004,
  "Pepsi": 97.0,
  "Pork Ribs": -15.0,
  "Chicken Breast": 12.0,
  "Burger Bun": -422.0,
  "Cheddar Cheese": -81.25,
  "Mayo": -84.0625,
  "Tomato Sauce": 0.10000000000000053,
  "Meatballs": -0.6000000000000005,
  "Potatoes": 38.20000000000002,
  "Ketchup": -63.5625,
  "Mustard": -65.5,
  "Sliced Onion": -80.5,
  "1Min": 60.0,
  "2Min": 65.0,
  "3Min": 342.0,
  "4Min": 43.0,
  "5Min": 432.0
}