{
  "Burger Patty": -679.0,
  "Lettuce": -93.75,
  "Spaghetti": -9.800000000000004,
  "Pepsi": 97.0,
  "Pork Ribs": -15.0,
  "Chicken Breast": 12.0,
  "Burger Bun": -322.0,
  "Cheddar Cheese": -62.5,
  "Mayo": -65.3125,
  "Tomato Sauce": 2.1000000000000005,
  "Meatballs": 2.3999999999999995,
  "Potatoes": 38.20000000000002,
  "Ketchup": -44.8125,
  "Mustard": -46.75,
  "Sliced Onion": -61.75,
  "1Min": 60.0,
  "2Min": 65.0,
  "3Min": 342.0,
  "4Min": 43.0,
  "5Min": 432.0
}