{
  "Burger Patty": -3.0,
  "Lettuce": 11.875,
  "Spaghetti": -9.800000000000004,
  "Pepsi": 97.0,
  "Pork Ribs": -15.0,
  "Chicken Breast": 12.0,
  "Burger Bun": 16.0,
  "Cheddar Cheese": 0.875,
  "Mayo": -1.9375,
  "Tomato Sauce": 2.1000000000000005,
  "Meatballs": 2.3999999999999995,
  "Potatoes": 38.20000000000002,
  "Ketchup": 18.5625,
  "Mustard": 16.625,
  "Sliced Onion": 1.6250000000000036,
  "1Min": 60.0,
  "2Min": 65.0,
  "3Min": 342.0,
  "4Min": 43.0,
  "5Min": 432.0
}