{
  "Burger Patty": 33.0,
  "Lettuce": 17.5,
  "Spaghetti": -9.800000000000004,
  "Pepsi": 97.0,
  "Pork Ribs": -31.0,
  "Chicken Breast": 12.0,
  "Burger Bun": 27.0,
  "Cheddar Cheese": 2.5,
  "Mayo": 0.125,
  "Tomato Sauce": -8.099999999999996,
  "Meatballs": -4.400000000000002,
  "Potatoes": 36.10000000000004,
  "Ketchup": 15.5,
  "Mustard": 20.0,
  "Sliced Onion": 5.0000000000000036
}