{
  "Burger Patty": -795.0,
  "Lettuce": -111.875,
  "Spaghetti": -9.800000000000004,
  "Pepsi": 97.0,
  "Pork Ribs": -15.0,
  "Chicken Breast": 12.0,
  "Burger Bun": -380.0,
  "Cheddar Cheese": -73.375,
  "Mayo": -76.1875,
  "Tomato Sauce": 2.1000000000000005,
  "Meatballs": 2.3999999999999995,
  "Potatoes": 38.20000000000002,
  "Ketchup": -55.6875,
  "Mustard": -57.625,
  "Sliced Onion": -72.625,
  "1Min": 60.0,
  "2Min": 65.0,
  "3Min": 342.0,
  "4Min": 43.0,
  "5Min": 432.0
}