{
  "Burger Patty": 33.0,
  "Lettuce": 17.5,
  "Spaghetti": -9.800000000000004,
  "Pepsi": 97.0,
  "Pork Ribs": -15.0,
  "Chicken Breast": 12.0,
  "Burger Bun": 34.0,
  "Cheddar Cheese": 4.25,
  "Mayo": 1.4375,
  "Tomato Sauce": 2.1000000000000005,
  "Meatballs": 2.3999999999999995,
  "Potatoes": 38.20000000000002,
  "Ketchup": 21.9375,
  "Mustard": 20.0,
  "Sliced Onion": 5.0000000000000036,
  "1Min": 60.0,
  "2Min": 65.0,
  "3Min": 342.0,
  "4Min": 43.0,
  "5Min": 432.0
}